John,Doe,30
Jane,Smith,25
Michael,Johnson,35
Sarah,Williams,28
Robert,Brown,42
Emily,Davis,31
David,Miller,29
Lisa,Wilson,33
James,Moore,27
Jennifer,Taylor,38
Christopher,Anderson,45
Amanda,Thomas,26
Daniel,Jackson,36
Michelle,White,29
Matthew,Harris,34
Jessica,Martin,32
Kevin,Thompson,41
Stephanie,Garcia,24
Brian,Martinez,37
Nicole,Robinson,30
Linda,Young,44
Steven,King,51
Ashley,Wright,22
Paul,Scott,58
Kimberly,Adams,29
Mark,Green,39
Laura,Baker,33
George,Nelson,47
Rebecca,Carter,26
Timothy,Mitchell,53
Samantha,Perez,31
Patrick,Roberts,35
Hannah,Turner,28
Edward,Phillips,49
Olivia,Campbell,24
Andrew,Evans,40
Grace,Parker,27
Joshua,Edwards,36
Megan,Collins,23
Justin,Stewart,32